<?xml version="1.0" encoding="UTF-8"?>
<feature
      id="org.tigris.subversion.subclipse"
      label="Subclipse (Required)"
      version="1.10.13"
      provider-name="tigris.org"
      plugin="org.tigris.subversion.subclipse.core"
      colocation-affinity="org.tigris.subversion.subclipse">
   <install-handler/>

   <description url="%changesURL">
      %description
   </description>

   <copyright url="http://subclipse.tigris.org/">
      http://subclipse.tigris.org/
   </copyright>

   <license url="%licenseURL">
      %license
   </license>

   <requires>
      <import plugin="org.eclipse.core.resources" version="3.2.0" match="greaterOrEqual"/>
      <import plugin="org.eclipse.team.core" version="3.2.0" match="greaterOrEqual"/>
      <import plugin="org.eclipse.core.runtime" version="3.2.0" match="greaterOrEqual"/>
      <import plugin="org.tigris.subversion.clientadapter" version="1.10.0" match="equivalent"/>
      <import plugin="org.eclipse.ui.ide"/>
      <import plugin="org.eclipse.ui.views"/>
      <import plugin="org.eclipse.jface.text"/>
      <import plugin="org.eclipse.ui.workbench.texteditor"/>
      <import plugin="org.eclipse.ui.editors"/>
      <import plugin="org.eclipse.team.ui"/>
      <import plugin="org.eclipse.compare"/>
      <import plugin="org.eclipse.ui.console"/>
      <import plugin="org.eclipse.help"/>
      <import plugin="org.eclipse.ui.forms"/>
      <import plugin="org.eclipse.osgi" version="3.2.0" match="greaterOrEqual"/>
      <import plugin="org.eclipse.ui" version="3.2.0" match="greaterOrEqual"/>
   </requires>

   <plugin
         id="org.tigris.subversion.subclipse.core"
         download-size="0"
         install-size="0"
         version="1.10.12"
         unpack="false"/>

   <plugin
         id="org.tigris.subversion.subclipse.ui"
         download-size="0"
         install-size="0"
         version="1.10.13"
         unpack="false"/>

   <plugin
         id="org.tigris.subversion.subclipse.doc"
         download-size="0"
         install-size="0"
         version="1.3.0"
         unpack="false"/>

   <plugin
         id="org.tigris.subversion.subclipse.tools.usage"
         download-size="0"
         install-size="0"
         version="1.1.0"
         unpack="false"/>

</feature>
