<?xml version="1.0" encoding="UTF-8"?>
<feature
      id="org.tigris.subversion.clientadapter.svnkit.feature"
      label="SVNKit Client Adapter (Not required)"
      version="1.8.9"
      provider-name="tigris.org"
      plugin="org.tigris.subversion.clientadapter.svnkit"
      colocation-affinity="org.tigris.subversion.subclipse">

   <description>
      %description
   </description>

   <copyright url="http://subclipse.tigris.org/">
      http://subclipse.tigris.org/
   </copyright>

   <license url="%licenseURL">
      %license
   </license>

   <requires>
      <import plugin="org.eclipse.core.runtime"/>
      <import plugin="org.tigris.subversion.clientadapter" version="1.10.0" match="equivalent"/>
      <import plugin="org.tmatesoft.svnkit" version="1.8.0" match="equivalent"/>
   </requires>

   <plugin
         id="org.tigris.subversion.clientadapter.svnkit"
         download-size="0"
         install-size="0"
         version="1.8.9"
         unpack="false"/>

</feature>
