<?xml version="1.0" encoding="UTF-8"?>
<feature
      id="org.tigris.subversion.subclipse.mylyn"
      label="Subclipse Integration for Mylyn 3.x (Optional)"
      version="3.0.0"
      provider-name="tigris.org"
      colocation-affinity="org.tigris.subversion.subclipse">
   <install-handler/>

   <description url="%changesURL">
      %description
   </description>

   <copyright url="http://subclipse.tigris.org/">
      http://subclipse.tigris.org/
   </copyright>

   <license url="%licenseURL">
      %license
   </license>

   <requires>
      <import plugin="org.eclipse.core.resources" version="3.2.0" match="greaterOrEqual"/>
      <import plugin="org.eclipse.core.runtime" version="3.2.0" match="greaterOrEqual"/>
      <import plugin="org.eclipse.team.core" version="3.2.0" match="greaterOrEqual"/>
      <import plugin="org.tigris.subversion.subclipse.core" version="1.1.9" match="greaterOrEqual"/>
      <import plugin="org.tigris.subversion.subclipse.ui" version="1.1.9" match="greaterOrEqual"/>
      <import plugin="org.eclipse.ui" version="3.2.0" match="greaterOrEqual"/>
      <import plugin="org.eclipse.mylyn.tasks.core" version="3.0.0" match="compatible"/>
      <import plugin="org.eclipse.mylyn.tasks.ui" version="3.0.0" match="compatible"/>
      <import plugin="org.eclipse.mylyn.team.ui" version="3.0.0" match="compatible"/>
   </requires>

   <plugin
         id="org.tigris.subversion.subclipse.mylyn"
         download-size="0"
         install-size="0"
         version="3.0.0"
         unpack="false"/>

</feature>
