<?xml version="1.0" encoding="UTF-8"?>
<feature
      id="org.tigris.subversion.clientadapter.javahl.feature"
      label="Subversion JavaHL Native Library Adapter"
      version="1.9.3"
      provider-name="tigris.org"
      plugin="org.tigris.subversion.clientadapter.javahl"
      colocation-affinity="org.tigris.subversion.subclipse">

   <description>
      %description
   </description>

   <copyright url="http://subclipse.tigris.org/">
      http://subclipse.tigris.org/
   </copyright>

   <license url="%licenseURL">
      %license
   </license>

   <requires>
      <import plugin="org.eclipse.core.runtime"/>
      <import plugin="org.tigris.subversion.clientadapter" version="1.10.0" match="equivalent"/>
   </requires>

   <plugin
         id="org.tigris.subversion.clientadapter.javahl"
         download-size="0"
         install-size="0"
         version="1.9.3"
         unpack="false"/>

   <plugin
         id="org.tigris.subversion.clientadapter.javahl.win32"
         os="win32"
         arch="x86"
         download-size="0"
         install-size="0"
         version="1.9.3"
         fragment="true"/>

   <plugin
         id="org.tigris.subversion.clientadapter.javahl.win64"
         os="win32"
         arch="x86_64"
         download-size="0"
         install-size="0"
         version="1.9.3"
         fragment="true"/>

</feature>
